Subject,Start Date,Start Time,End Date,End Time,Location,Description
通信事業者特有のNW要件に合わせたクラウドのNW設計 ～出たばかりのマルチVPC ENIを5GConAWSで活用してPoCしてみた~,2024/07/05,11:30,2024/07/05,12:15,JPRSホール (コンベンションホールA),"https://www.janog.gr.jp/meeting/janog54/multi-vpc/

■概要
ドコモは5GCをパブリッククラウド(AWS)上に構築する技術検証を2022年度から実施しています。
パブリッククラウドはフラットなネットワーク利用を前提としていますが、通信事業者 (や古くからオンプレを活用しているみなさま) はオンプレ側のネットワークセグメントが細かく分割されており、オンプレ含めたハイブリッドクラウドとして運用するにはネットワーク設計を工夫または変更する必要がありました。
今回の発表では、昨年リリースされたAWSの新機能「マルチVPC ENIアタッチメント」によりネットワークセグメントを分割して行った、ハイブリッドクラウドで携帯電話のコアネットワークが動作するかの実証実験についてご紹介します。
実証実験の結果と得られた知見を共有しつつ、携帯電話のコアネットワークをクラウドリフトする際のネットワーク設計について議論したいと思います。

■登壇者
清水 和人(株式会社NTTドコモ)
田中 優多(株式会社NTTドコモ)
鶴田 公隆(株式会社NTTドコモ)
"
世界から見た日本(JPNIC)の登録情報,2024/07/03,14:45,2024/07/03,15:30,三菱重工業ルーム (会議室 203+204),"https://www.janog.gr.jp/meeting/janog54/jpnic/

■概要
ネットワーク運用上、IPアドレスやAS番号などの番号資源保持者の情報はとても大事なので、インターネットレジストリ(IR)に登録してあります。日本では多くの運用組織がJPNICから番号資源の分配を受けていて、ここに情報を登録しています。ただ、よく見てみると、JPNICに登録してある情報は世界から適切に見えていないのかもしれないことに気がつきました。インターネットはグローバルな性質を持ち、例えば世界のさまざまな運用自動化ツールが、番号資源保持者の認証をしようと思った時に誰にコンタクトを取ればいいか分からない状況を放置すると、日本のネットワーク運用者にとってよくないかもしれません。この発表はそんな状況を参加者と共有して、どうすれば良いのかを議論したいと考えています。

■登壇者
松崎 吉伸(株式会社インターネットイニシアティブ)
"
閉会宣言/次回開催予告,2024/07/05,17:30,2024/07/05,18:00,JPRSホール (コンベンションホールA),"https://www.janog.gr.jp/meeting/janog54/closing/

■概要
閉会宣言/次回開催予告

■登壇者
西村 友木子(株式会社ミライコミュニケーションネットワーク)
矢田 一樹(株式会社KDDIウェブコミュニケーションズ)
"
機器監視のためのZabbixを、DB含めてL3冗長化した話,2024/07/04,15:30,2024/07/04,16:30,IIJホール (天平ホール),"https://www.janog.gr.jp/meeting/janog54/zabbix/

■概要
弊社ではネットワーク機器をはじめとした機器監視のために、オープンソースのZabbixを使ってオンプレミスで構築をしている。
今までのZabbixはpacemakerを用いて同一拠点内で冗長化をしていた。
弊社は複数のデータセンターを跨いで動画配信・CDNを提供しており、サービス側はデータセンター単位で冗長化を行っているため、Zabbixもアップデートに合わせて単一拠点内の冗長構成から拠点をまたいだL3の冗長構成となるように設計の変更を試みた。
L3の冗長構成にあたっては、Zabbix6.0で追加されたHAの機能及びpostgresqlとpgpool-IIを活用したが、そこまでに紆余曲折あったので、その内容をお話したい。
Zabbixサーバの標準機能を用いて冗長するにはいくつか方法があったが、どれもそのまま使うには適していなかった。その中でZabbix6.0で追加されたHAの機能に加えて、postgresqlとpgpool-IIをうまく活用できないかと考えた。
zabbixのHA機能では共通のDB（同じIPアドレス）を参照する必要があるが、L3でDBを分散させるとpacemakerのようにL2のVIPを持たせられない。そこで同じIPとして127.0.0.1（実体は違うけど同じIPアドレス、最終的な通信先は同じになる）を利用してこれを解決した。さらにpgpool-IIの機能によりpostgresqlの自動フェイルオーバーも実現できた。

■登壇者
小山 拓海(株式会社Jストリーム)
今井 宏謙(株式会社Jストリーム)
"
メールアドレスの日本語対応を始めよう！〜ユニバーサル・アクセプタンス〜,2024/07/03,17:00,2024/07/03,18:00,JPRSホール (コンベンションホールA),"https://www.janog.gr.jp/meeting/janog54/ua/

■概要
ユニバーサル・アクセプタンス(UA*)の重要性、およびインターネット全体のUA実現に向けて日本のISPに果たしていただきたい役割をICANNからご説明し、ISPの皆様にご協力を呼びかけます。本セッションのモデレーターはJAIPAの立石聡明副会長が務めます。英語-日本語の逐次通訳を付ける予定です。
* UA：インターネットにつながる全てのアプリケーション、デバイス、システムが、全ての有効なドメイン名とメールアドレスを矛盾なく受け入れ、検証、保存、処理、表示できる状態。

■登壇者
Athena Foo(Internet Corporation for Assigned Names and Numbers/ICANN)
立石 聡明(一般社団法人日本インターネットプロバイダー協会/JAIPA)
"
OpenConfigを活用したNW検証業務自動化への取り組みと課題,2024/07/05,13:30,2024/07/05,14:15,IIJホール (天平ホール),"https://www.janog.gr.jp/meeting/janog54/openconfig/

■概要
通信ネットワークが想定通り安全に動作・機能をすることを自社で確認・担保するために、設備導入やOS Vup、機能追加の際には数多くのネットワーク検証(機能検証(ユニットテスト)及びシステム検証(インテグレーションテスト))を実施している。
スピーディーに対象設備/機能を商用適用するためにはNW検証の自動化が不可欠だが、それぞれの機器/OSに対応した設定・確認方法の定義や検証合否判断ロジックの作成が必要であるため、自動化するには多くのリソース（手間や稼働）を要する。
その解決策として、ベンダーニュートラルなYANGモデルであるOpenConfigを活用した検証業務の自動化が有効だと考え、技術実証を行った。
技術実証を行う中で、機器/OS VersionによってOpenConfigに対応していない操作があることや、自動化フレームワークとルータOS Version及びOpenConfigのYangモデルVersionとの差分によりOpenConfigが利用できない等の課題があることが分かった。
今回、技術実証内容やそれらの課題について共有・議論したい。

■登壇者
佐藤 亮平(KDDI株式会社)
福井 良平(KDDI株式会社)
"
商用サービスインフラにおけるSONiCスイッチ障害交換運用の実際,2024/07/05,11:30,2024/07/05,12:15,三菱重工業ルーム (会議室 203+204),"https://www.janog.gr.jp/meeting/janog54/sonic/

■概要
GPU計算リソースを必要とする製薬業界向けに、当社として初めて、SONiCを用いたEthernetファブリックで構成された商用ITサービスインフラを構築しました。
GPUサーバとのコネクティビティ問題やIP Clos Networkデザイン導入にあたっての課題等に直面しましたが、何とかサービスインに漕ぎつけました。
しかし、運用面でも考慮しなければならない事がたくさんありました。
とくに、スイッチ障害発生時の機器交換運用では、SONiCのZTP(Zero Touch Provisioning)機能を利用することを検討しました。
実際にどのような手順やカスタマイズが必要であったか、また、どのような問題に遭遇したのか、これまでの経験を踏まえて説明します。

■登壇者
芹田 大輔(三井情報株式会社)
松本 直樹(三井情報株式会社)
"
ハイブリッドクラウドで5GC UPFを実装してみた,2024/07/04,13:30,2024/07/04,14:15,三菱重工業ルーム (会議室 203+204),"https://www.janog.gr.jp/meeting/janog54/5gcupf/

■概要
近年、モバイル通信のコアノードにおいて、専用HWを用いず、汎用HWで構築した仮想化基盤上で仮想マシンやコンテナとして動かすことが主流となっている(*1)。加えて、自社内のオンプレミスな IaaS 環境の運用・管理に対して膨大なコストが必要となることから、AWSなどのパブリッククラウドでの5Gコアネットワーク構築が模索されている。他方、総務省が公表している資料(*2)によると最繁時のモバイルトラヒック量は1年で約29％増加しており、2030年度にはトラヒック量が2021年の10倍近くになる可能性がある。そのため、ユーザトラヒックに関しては、現在の従量課金制のパブリッククラウドを用いた場合、クラウドの利用コストが大幅に増加する懸念があり、パブリッククラウドへの移行のハードルとなっている。
そこで、KDDIでは、膨大なユーザトラヒックを処理する5GコアノードであるUPFについて、従量課金制により費用が高くなってしまうユーザプレーン (UPF-UP) と、通信量の少ないコントロールプレーン (UPF-CP) を分離する構成を検討している。その上で、ユーザプレーンをオンプレサーバ上に、コントロールプレーンをパブリッククラウド上に構築し、それぞれのコンテナをパブリッククラウドのマネージドサービスで管理するハイブリッドクラウドでUPFを実装し、検証した。
本発表では、ハイブリッドクラウドを用いて開発したUPFの設計・実装および、その開発を通して学んだハイブリッドクラウドの有用性について共有し、以下のポイントに関して皆様と議論を行う。
*1: https://www.janog.gr.jp/meeting/janog52/5gccl/
*2: https://www.soumu.go.jp/johotsusintokei/field/data/gt010602.pdf

■登壇者
峯木 厳(KDDI株式会社)
田川 翔司(KDDI株式会社)
"
Coherent optical transceivers – current capabilities and future possibilities,2024/07/04,11:30,2024/07/04,12:15,IIJホール (天平ホール),"https://www.janog.gr.jp/meeting/janog54/coherent/

■概要
With the speed of 400G coherent technology was introduced to pluggable optical transceivers (OIF 400ZR and OpenZR+). This technology is complex and powerful for your network, it even has influence on your network device operating system.
This talk will provide first insight in Nokia’s implementation as well as known or potential interoperability issues addressed by the OIForum. If your transport system, router or even switch already provides coherent pluggable transceivers check the available interface parameters. You can send me these CLI outputs / management software screenshots to thomas.weible@flexoptix.net. I will try to include it into the presentation.
And finally new formfactors for 800G and 1,6T will be part of the game as well. Stay tuned….

■登壇者
Thomas Weible"
限られたヒトとカネの中でのネットワーク構築運用,2024/07/03,14:45,2024/07/03,15:30,IIJホール (天平ホール),"https://www.janog.gr.jp/meeting/janog54/bbix/

■概要
すべてのプロジェクトが潤沢な資金と人材に恵まれているとは限りません。中には、限られた予算の中でやりくりをしなければならないプロジェクトも存在し、もしくは、規模に対して適切に人材を割り振ることができないプロジェクトも存在しています。
今回はある予算と人が限られたプロジェクトを例に、決してベストプラクティスとは言えない状況においての、設計の考えと様々な苦労・工夫について共有した上で、限られたリソースでの運用について、話しあいをしたいと考えています。
■主なトピックス
・安価(数十万)なルータでフルルート運用やってみた
・フィリピンでNTPとDNSキャッシュを提供してみた
・ネットワーク自動化運用のAS-SETではまった

■登壇者
生野 勇貴(BBIX株式会社)
絹川 隆大(BBIX株式会社)
青木 弘太(BBIX株式会社)
"
“さらに”光トランシーバの接続・清掃方法など取扱いについて考えよう,2024/07/05,10:15,2024/07/05,11:15,JPRSホール (コンベンションホールA),"https://www.janog.gr.jp/meeting/janog54/optics/

■概要
JANOG53の発表「光トランシーバの接続・清掃方法など取扱いについて考えるBoF」の続編です。
※続編ではありますが、今回から参加頂く方でもわかるような内容となっております。
多くの伝送装置で採用されている光トランシーバですが、細かな取り扱い、特に光コネクタ接続時のお作法は意外とよく知られていません。
今回は、前回の発表で質問・要望があった”清掃お作法”をアップデートします。
また、最近MPOコネクタのAPCタイプを採用したマルチモード用トランシーバが市場に出てきました。ネットワーク設計をする上でMPOコネクタに対する考え方を大きく変化させる必要が出てくるかもしれません。MPOコネクタを中心に光コネクタの構造・特徴など、基本的な前提となる知識について詳しく解説を交えながら、参加者で議論を深め、知識を共有したいと思います。
※開催形式によっては、さまざまなタイプの光トランシーバや各種ツールを持ち込んでハンズオン環境を用意します。
参加者の光トランシーバ持ち込みも大歓迎しますので、実際に光トランシーバ内部の確認や清掃を試しながら、活発な議論交換や質疑応答を行います。

■登壇者
藤原 稔(NTTアドバンステクノロジ株式会社)
村上 雅之(NTTアドバンステクノロジ株式会社)
荒井 健汰(NTTアドバンステクノロジ株式会社)
"
3rd party SFP利用の光と闇,2024/07/05,11:30,2024/07/05,12:15,IIJホール (天平ホール),"https://www.janog.gr.jp/meeting/janog54/3rdparty/

■概要
■背景
NECでは3rd party SFPを使った基盤運用を行なっている
その中で様々な利点とトラブルがあり、そこで得られた知見を広く展開する
■3rd party SFP利用のきっかけ
やっぱり安い
→導入当時は圧倒的に安かったが各ベンダーも出精値引きでそこまで変わらなくなってきた
機器毎にベンダーを意識した管理が厄介
→工事チームとの連携、個数/在庫管理
物理構成変更の対応が楽
→論理設計をする中で物理的な構成変更があった際にSFPの納期により遅延が発生することがある
■直面したトラブル
トラブル発生時の切り分けとベンダーのサポート
→ベンダーは基本NG、自己責任
→切り分けには結局ベンダーのものが必要、事前評価も必須
機器アップグレード後に使えなくなる！？
→機器のOSアップグレードしたらなぜか動かない事象発生、その時どうしたのか。。。
EEPROMまで見ることに。。。
機能が落ちることも
→ベンダー製と3rd Partyでコマンド出力結果に差分が出る
ベンダーロックとの闘い
→やっぱりあるベンダーロック、なぜベンダーはロックするのか（私的見解）
→直面したトラブルに対してどのように対処してきたのかを披露します。
■3rd party SFP利用のススメ
どんなことに注意すべきか
得られるメリットとデメリット

■登壇者
小沼 高啓(NECネッツエスアイ株式会社)
"
ゼロから創る！競技系イベントネットワーク実例紹介,2024/07/04,10:15,2024/07/04,11:15,三菱重工業ルーム (会議室 203+204),"https://www.janog.gr.jp/meeting/janog54/kyopro/

■概要
インターネットの発展と共に情報技術のスキルを競うイベントが盛り上がりを見せています。これらのイベントの成功には、選手や関係者に安定した通信環境を提供するイベントネットワークが欠かせません。
しかし、イベントネットワークの実現には、予算の制限、超短期間での構築/撤収、イベント毎の特有なニーズに合わせた効果的な監視など、実際のネットワーク構築の縮図ともいえる多くの問題が存在します。
本セッションでは、特徴の異なる2つの競技系イベントネットワークを事例として取り上げます。JANOGで開催されているネットワーク系競技イベント「NETCON」と、大学生向け競技プログラミングイベント「ICPC 2023 アジア予選横浜大会」です。これらの事例を通して、物品の確保、構築/運用、さらには回を跨いだ持続性まで含めて、どのようにフィージビリティを確保しているかを紹介します。
この知見が、今後の身近なイベントネットワークの構築や運用に寄与し、競技イベントがますます活発になることを期待しています。また、参加者とのディスカッションを通して、よりよいイベントネットワークの知見を議論・共有したいと考えています。

■登壇者
嶋 勝也(シスコシステムズ合同会社)
金井 瑛(株式会社Preferred Networks / ICPC 2023 Asia Yokohama Regional volunteer staff)
西田 尚平(ICPC Secretaries)
"
自動化の教育ってどうやってますか？,2024/07/04,13:30,2024/07/04,14:15,JPRSホール (コンベンションホールA),"https://www.janog.gr.jp/meeting/janog54/ansible/

■概要
近年、ネットワークやインフラの作業を自動化しているところも多いかと思います。一方ですべてのエンジニアが最初から自動化のスキルを持っているわけではありません。そのため、事業の継続や拡大のためには継続的な教育が必要と考えています。

本プログラムでは、私が所属するSIerの自動化専門チームが、3年間継続して行っている教育の考え方や内容を中心にご紹介します。

私が所属するチームでは新卒入社、中途入社、異動、に関わらず、配属時に約1か月のトレーニング受講期間を設けています。自動化に使っている主なツールはAnsibleです。技術的な内容は座学だけではなくハンズオンも交えています。前提知識が足りない場合は、あらかじめ身につけてもらえるように、別の教育担当部署と連携しています。

技術的な内容だけでなく、自動化可否の検討や、手順の最適化、開発、導入までの業務に必要なナレッジも学習します。

また、一緒に働く上ではコミュニケーションをとる必要もあるため、質疑応答やディスカッションによるコミュニケーションの場も設けています。

本プログラムで各組織における教育の経験や工夫の共有、考え方などを持ち寄っていただき、良い議論の場になれば幸いです。

■登壇者
横地 晃(株式会社エーピーコミュニケーションズ)
佐々木 志穂(株式会社エーピーコミュニケーションズ)
"
Gメールショック！メールインフラを安心・安全に変える(た)、にわとりたまご問題の結論とは。,2024/07/05,10:15,2024/07/05,11:15,三菱重工業ルーム (会議室 203+204),"https://www.janog.gr.jp/meeting/janog54/phishing/

■概要
2023年10月にアナウンスされたGoogleと米国Yahoo!メールで実施する迷惑メール対策強化が一部(4月に送信ドメイン認証の適用)が行われ、大量メール送信事業者に求められる対策の実施(適用)が業界全体で行われました。(2024年4月9日現在、一部行われている途中)
送信ドメイン認証技術は一気に普及・促進したが、この先に求められている真の(本質的な)課題の議論・法整備が追いついていない状況です。

■登壇者
北崎 恵凡(ソフトバンク株式会社/JPAAWG)
中島 直規(KDDI株式会社)
正見 健一朗(株式会社NTTドコモ)
熊沢 明生(ソフトバンク株式会社)
"
LINEヤフー米国データセンタ技術の最前線：LLM(大規模言語モデル)と水冷技術への挑戦,2024/07/04,11:30,2024/07/04,12:15,JPRSホール (コンベンションホールA),"https://www.janog.gr.jp/meeting/janog54/dlc/

■概要
本発表では、米国での情報収集をもとに、LLM（大規模言語モデル）の普及に伴うインフラの要求変化に対して、水冷技術がなぜ有効なのかを二部構成で解説します。
一部では、LLMの導入によるサーバワークロードの大幅増加が、データセンタのインフラにどのような影響を与えるかを探求します。特に、これまで十分に活用されていなかったデータセンタのリソースが極限まで使用されるようになり、電力、冷却能力、ネットワークにどのような影響があるかを調査します。この過程で、米国企業から得た情報に基づき、GPUサーバの最大負荷時の風量問題に焦点を当て、水冷技術を用いた場合の風量削減の可能性と限界を検証します。
二部では、GTC（GPU Technology Conference）で発表された新しいGPUサーバであるGB200 NVL72の導入検討に際し、なぜ水冷技術が必須とされているのかを米国企業から得た情報を基に解説します。この技術がネットワークの帯域不足を解決するためにどのように利用されているか、その本質に迫り、導入の必要性を詳述します。
Actapioでは、米国の「課題解決の先駆者」から入手した最新の情報をもとに技術検証を行い、最善の技術を選択しています。今回は、異なる課題を水冷技術で解決できることを検証しました。これは、米国で検証や実施を行える環境を持っているからこそ可能です。課題の先駆者と私たちのような利用者では、差は広がる一方です。今後の未来に向けて、私たちがどうすればよいのか、一緒に議論できると幸いです。

■登壇者
松谷 憲文(Actapio, Inc.)
"
けしからん連合ネットワーク改め、Japan Open Network にようこそ！,2024/07/05,13:30,2024/07/05,15:00,三菱重工業ルーム (会議室 203+204),"https://www.janog.gr.jp/meeting/janog54/open/

■概要
本プログラムは、JANOG47 で発表した「けしからん連合ネットワーク」へようこそ のアップデートになります。
JANOG47では「けしからんネットワーク」の仲間による、これからのインターネットを学ぶ環境の可能性についてご提案・議論させていただきました。
その後「Japan Open Network」として活動を本格化し、参加者の各種リソースを持ち寄ることにより、ネットワークを拡大してきました。
また「Japan Open Network」が、どこに向かうかべきか、について並行して議論し、始めてみてわかる課題や更なる発展の可能性について発見することができましたので、
JANOGerの皆さんへ我々の議論して悩んできたことをお伝えして、「何を変えるべきなのか？」を共有して議論していきたいと考えています。

■登壇者
西野 大(株式会社ブロードバンドタワー)
松本 智(ソフトイーサ株式会社)
中島 博敬( Japan Community IX / 一般社団法人サイバー技術・インターネット自由研究会)
小林 裕士(IPA産業サイバーセキュリティセンター)
"
分野を超えた視点で異分野エンジニアがNWの異常検知に挑戦～高精度ネットワーク監視への工夫と課題～,2024/07/03,15:45,2024/07/03,16:30,IIJホール (天平ホール),"https://www.janog.gr.jp/meeting/janog54/anomaly/

■概要
キャリアグレードのNWを運用するにあたり、総務省への報告基準の厳格化に伴って異常の早期知得及び復旧がキャリアの課題となっている。
従来のSNMPベースでの監視やルールベースの監視では上記の基準を満たす事が難しく、別のアプローチとしてTelemetryによるデータ収集やそのデータの利活用を模索し始めた。
Telemetryの特性上、膨大なデータを細かい粒度で収集できルータへの負荷も抑えられるため、精度の高いネットワーク分析が期待されている。
ただ、SNMPベースの取組みをTelemetryベースの取組みに移行するだけでは期待していた程の精度は得られなかった。
そこで、メイン業務としてデータ分析業務を行っているエンジニアチームならではのアプローチにより、従来の監視手法よりも比較的精度が高い異常検知を運用出来るようになってきた。
Telemetryで取得するデータの粒度/周期が短く、そのままでは利活用するための運用上の課題もあり、それを克服する為の試行錯誤や工夫についても共有したい。

■登壇者
内海 友輔(ソフトバンク株式会社)
合志 和真(ソフトバンク株式会社)
平野 泰平(ソフトバンク株式会社)
"
NTT 法改正 – ネットの将来を描く JANOGer と共に挑戦する,2024/07/05,15:15,2024/07/05,16:30,JPRSホール (コンベンションホールA),"https://www.janog.gr.jp/meeting/janog54/ntt/

■概要
日本の IT と通信の将来は、現行の NTT 法に大きく依存しています。この法律の改正が通信市場の競争再定義の鍵を握るため、JANOG コミュニティは重要な転換点に立っています。ブロードバンドの全国普及によって明らかになったデジタルデバイドをどのように縮めるかは私たちにとっての大きな課題です。また、何十年もの歳月をかけて日本が築いてきた NTT の局舎や光ファイバ等の物理インフラは、単なる相互接続インフラ的価値にとどまらず、コンピュータと通信に係る業界横断の若手技術者・経営者・起業家の育成や、さらには日本発の画期的なICT技術やサービスを生み出す創造的な研究環境としても無限の可能性を秘めており、その有効活用により、日本がデジタル国際競争力で再び世界の中心的地位に立てるチャンスもあるかも知れません。
このプログラムでは、NTT 法改正の概要をおさらいし、下記の 3 つの視点から、JANOGer の皆さんと NTT 法改正が、日本のネットワークオペレータにどう影響するのか ? 我々はどうしていくべきなのか ? について、ディスカッションを行いたいと思います。
・NTT 法のあり方に対するガバナンスの視点
・ダークファイバ・コロケーションを若手育成と画期的なICT技術創出・国際競争力実現に活かす視点
・ISP 事業者団体からの視点

■登壇者
クロサカ タツヤ(慶應義塾大学大学院政策・メディア研究科)
立石 聡明(一般社団法人日本インターネットプロバイダー協会)
登 大遊(東日本電信電話株式会社 特殊局 / 独立行政法人 情報処理推進機構)
福智 道一(BBIX株式会社)
"
APNを使った分散DC環境でkubernetesネットワークとVXLAN Multi-siteネットワークを統合してみた,2024/07/04,14:15,2024/07/04,15:00,IIJホール (天平ホール),"https://www.janog.gr.jp/meeting/janog54/k8s-vxlan/

■概要
APNを使った分散DC環境でkubernetesクラスターを構築するときに、外部からのアクセスが課題となります。
・デフォルトのサービスリソースであるClusterIPではトラフィックを各ノードのPODへロードバランスするが、外部からアクセスできない。
・NodePortでは外部から各ノードの IPアドレスでアクセスできるが、ノードが落ちると該当ノード宛のトラフィックはアクセスできなくなる。
・分散DC環境下ではLoadBalancerをデフォルトのままでは使えない。
・分散DC環境下ではPODが各DCに分散されるので、サイトを跨いだヘアピニングが発生するなど、それに起因した課題が発生する。

これに対して私たちは、
・VXLAN/EVPNネットワークとkubernetesネットワークのルーティング統合
・VXLAN/EVPNネットワークによるPOD位置の捕捉

などを考慮しkubernetesネットワークとVXLAN Multi-siteネットワークを統合することで、1.から4.の課題を解決しながらAPNバックボーンに流れる不要なトラフィックを除去しました。
その内容について紹介します。

議論ポイント
・オンプレでkubernetesクラスターを構築する場合、外部からのアクセスへの対応はどうしていますか。
・CNIプラグインは何に重点を置いて選定していますか。
・DCをまたいだkubernetesクラスターを構築したときに注意した点は何ですか。

■登壇者
芳 政信(西日本電信電話株式会社)
吉谷 玲奈(エヌ・ティ・ティ・データ先端技術株式会社)
"
新人のためのインターネット&ネットワーク超入門 2024,2024/07/03,10:00,2024/07/03,12:30,JPRSホール (コンベンションホールA),"https://www.janog.gr.jp/meeting/janog54/showint/

■概要
「インターネットの中身」についてどれぐらい知っているでしょうか？
インターネットを普段から当たり前のように使ってる人は多いですが、その裏側の仕組みについて知っている人は、決して多くはありません。(IT業界で働く人であっても、インターネットを構成する深い部分まで理解している人はごく一部だったりします。)
本講演では、業界歴13年の現役ネットワークエンジニアであり、YouTubeにて5年に渡って情報発信してきた発表者が、ネットワーク業界関係者しか知らない「インターネットの裏側の仕組み」について、ディープに、かつ初心者にもわかりやすい言葉遣いで噛み砕いて解説させていただきます。
インターネットの仕組みやネットワークインフラの存在を知ることで、みなさんが普段お使いのサービスの裏側が理解できるようになるのはもちろんのこと、みなさんの業務においても、的を射たビジネス企画やサービス提案が実現できるようになります。
またJANOG54の各プログラムの事前に本講演に参加することで、各プログラムの講演者や関係企業のネットワーク業界における立ち位置を正確に理解することに繋がります。これにより各講演の本質部分を理解でき、業界の課題感や各企業の挑戦、問題の深刻さや温度感についても「自分ごと」のように感じられるようになっていただくことが本講演の目標です。

本講演で扱う内容
インターネットの中身を覗いてみよう
・家の中のネットワーク
・アクセスネットワーク
・ISPネットワーク
・相互接続 / IX / ピアリング
・架空ケーブル / とう道 / 海底ケーブル
・ルーター / ルーティング
インターネットを構成する組織を覗いてみよう
・ISP / CATV / モバイルネットワーク事業者
・アクセスネットワーク事業者
・IX / トランジット事業者
・データセンター事業者 / クラウド事業者 / CDN事業者
・コンテンツ事業者
インターネットトラフィックを覗いてみよう
・通常時のトラフィック
・人気イベント時のトラフィック
・障害発生時のトラフィック

本講演で扱わない内容
・ルーター・サーバー等の具体的なコマンドや設定方法
・各技術の詳細な解説

本講演にぜひ参加していただきたい方
・新たにIT企業に就職された方 (職種・年齢は問いません)
・新たにエンジニア部門に配属された新人エンジニアの方
・自身の知識に、インターネットの知識を取り込みたい方

本講演にあまり向いていない方
・詳細な技術情報を求めている方
・初心者向けの解説を聞くのが億劫な方
・過去の講演に参加し、さらなる情報のアップデートを期待されている方 (過去講演とほぼ同様の内容しか触れません)

注意事項
本講演は、JANOG54会場での現地講演と、YouTube Liveによるオンライン生配信(アーカイブ予定)を同時並行で実施します。みなさまのご都合に合わせて、参加方法をご検討ください。
本講演は、１年前に開催されたJANOG52での講演とほぼ同様の内容になっています。過去の講演に参加された方は、その点ご留意ください。
新人のためのインターネット&ネットワーク超入門 – JANOG52 Meeting in Nagasaki
新人のためのインターネット&ネットワーク超入門 – JANOG52 Meeting in Nagasaki https://www.janog.gr.jp/meeting/janog52/tutorial/
質問は、YouTube Liveのメッセージ欄にて受け付ける予定です（詳細は当日お伝えします）。
どんな内容のコメントでも嬉しいので、当日はぜひみなさんからのメッセージを打ち込んでいただければと思います。
講演当日の YouTube Live の配信は、以下のページにて公開される予定です。
https://www.youtube.com/@showint/
https://www.youtube.com/@showint/ https://www.youtube.com/@showint/

■登壇者
土屋 太二(show int/さくらインターネット株式会社)
"
マシーンラーニングから学ぶQoS技法,2024/07/04,14:15,2024/07/04,15:00,JPRSホール (コンベンションホールA),"https://www.janog.gr.jp/meeting/janog54/qos/

■概要
JANOG53ではAI(人工知能)の為のネットワークやデータセンターネットワークでの輻輳対策どうしてる？でデータセンターでのQoSの話題がありました。
これらの議論の中でそれぞれの人のアプリケーションやその時代によって感覚が違うことに気づきました。
音声統合/映像統合/そして現在のデータセンターで使われている/使われたQoSのテクニックをまとめてみて今までの技術を時代的につなげてみて将来のネットワーク像を語り合いたいと思います。

AI(人工知能)の為のネットワーク https://www.janog.gr.jp/meeting/janog53/dcqos/
データセンターネットワークでの輻輳対策どうしてる？ https://www.janog.gr.jp/meeting/janog53/dcqos/

■登壇者
土屋 師子生(アリスタネットワークスジャパン合同会社)
"
JANOG54 NOC BAKUCHIKUの取り組みと課題 ～学生と若手技術者の育成について～,2024/07/05,10:15,2024/07/05,11:15,IIJホール (天平ホール),"https://www.janog.gr.jp/meeting/janog54/bakuchiku/

■概要
JANOG52から稼働が始まったNOCチーム「BAKUCHIKU」。様々な挑戦や無理難題に挑んできましたが、今回の54ではメンバーを新たに公募しました。その結果メンバーの半分近くは学生で構成され、そのほかのメンバーも若手技術者を中心とした構成になりました。
そのためメンバーはネットワークに興味があるけども触れる機会がなかった学生や、ネットワーク構築の経験が浅い若手社会人も多く、今回のNOCチームはネットワーク構築を通じて学生や若手技術者を育成するという新たな挑戦をすることとなりました。
このプログラムでは、学生や若手技術者になぜNOCに参加しようと思ったのか、NOCに参加してどのような気づきがあったのかなどのアンケートを取り、参加した学生や若手技術者がNOCを通じてネットワーク業界への理解を深めたり、より深い関わりを持てたりしたかなどを調査して発表します。
加えて、より深い関わりを持ってもらうためにNOC全体でどのような交流促進を行ってきたかなどの取り組みを発表し、今後のネットワーク業界やコミュニティの発展にも貢献したいと考えています。
当日の発表では、取り組んだ工夫によって学生や若手技術者にどのような変化があったか、よりネットワーク業界を盛り上げていくためにどのような取り組みや工夫をしていけるか議論していきたいと思います。

■登壇者
西田 尚平(チームBAKUCHIKU)
神屋 郁子(チームBAKUCHIKU)
池宮 卓(チームBAKUCHIKU)
温井 直輝(チームBAKUCHIKU)
中田 清登(チームBAKUCHIKU)
"
JANOGの歩き方,2024/07/03,13:15,2024/07/03,13:45,JPRSホール (コンベンションホールA),"https://www.janog.gr.jp/meeting/janog54/orien/

■概要
JANOGミーティング開始直前に、JANOG自体についてや活動内容を紹介するセッションを設けます。
主に初参加やまだJANOGについて詳しくない方への説明内容となっていますが、どなたでも参加いただけます。
ミーティング開始前に質疑応答の練習などもできればと考えています。

■登壇者
JANOG運営委員"
開会宣言,2024/07/03,14:00,2024/07/03,14:15,JPRSホール (コンベンションホールA),"https://www.janog.gr.jp/meeting/janog54/opening/

■概要
開会宣言

■登壇者
西村 友木子(株式会社ミライコミュニケーションネットワーク)
矢田 一樹(株式会社KDDIウェブコミュニケーションズ)
"
警察と通信事業者の協力のホンネ,2024/07/04,15:30,2024/07/04,16:30,三菱重工業ルーム (会議室 203+204),"https://www.janog.gr.jp/meeting/janog54/police/

■概要
サイバー犯罪が多発する今日に置いて、犯罪対策に従事する警察担当者と通信事業者（xSP）のabuse担当者が、現行の法律制度の枠組みでどのような協力ができるかについて、会場の参加者とも意見交換しつつ、今後のサイバー犯罪対策に関する議論をパネルディスカッション形式で行います。
なおJANOGに警察庁以外の都道府県警察関係者が登壇するのは初めてで、今回のJANOG54のテーマ “話しあいで繋ぐInternet”を体現するプログラムの一つです。

■登壇者
近藤 和弘(NTTコムエンジニアリング株式会社)
森川 慶彦(株式会社KDDIウェブコミュニケーションズ)
小林 裕士(独立行政法人情報処理推進機構)
加藤 久美子(さくらインターネット株式会社)
齊藤 理人(奈良県警察本部サイバー犯罪対策課 管理官)
港 淳平(奈良県警察本部サイバー犯罪対策課 次席)
"
Revising the RPKI Validation Algorithm,2024/07/04,10:15,2024/07/04,11:15,IIJホール (天平ホール),"https://www.janog.gr.jp/meeting/janog54/rpki/

■概要
The current RPKI validation algorithm used to decide whether a ROA is valid or not has shortcomings.
In this presentation we look back at previous attempts to improve the algorithm and describe a new approach.

■登壇者
Job Snijders(Fastly)
Matsuzaki Yoshinobu(IIJ)
"
仮想化基盤収容NWの4年がかりの大規模更改,2024/07/04,11:30,2024/07/04,12:15,三菱重工業ルーム (会議室 203+204),"https://www.janog.gr.jp/meeting/janog54/nfvirenew/

■概要
携帯電話でインターネット通信や音声通信を利用するためには、無線・コアネットワークを経由する必要があります。
その中でコアネットワークを構成する装置は専用HW上で動作していましたが、ドコモでは仮想化技術を導入することで汎用HWの利用を実現し、現在では80%の装置が仮想化されています。
ドコモでは仮想化された装置を収容するNW機器群を「仮想化基盤収容NW」と呼称し、L2機能を担うLeaf-Spineネットワークおよびこれを制御するコントローラからなるSDN装置群と、L3SWで構成しています。
SDN装置群については2015年から導入している第一世代と、2019年から導入している第二世代の二種類のハードウェアを運用中ですが、
現在は2022年から2025年までの4年がかりで、第一世代から第二世代へ、サービス継続状態でのハードウェア更改に取り組んでいるところです。
なぜ単なるハードウェア更改に4年もかかるのか？それには下記のような課題がありました。
・サービス継続状態での更改が必要なため、手順が複雑化
・複雑化した手順を安全・確実に実行するため基盤１ロットの更改に2か月程の期間が必要
・設定・確認手順のツール化など効率化に取り組んでいるが、大幅な短縮につながらない
・瞬断許容時間の要件を満たすための性能と、手順効率化とのせめぎあい
・同時に更改作業が可能なロット数に対する稼働的な制約
・他の作業との競合回避等のための作業禁止期間の存在
これらの課題に対するドコモの取り組みを共有した上で、様々な立場の皆さまと議論したいと考えております。
・設備更改にどのくらい時間・期間をかけていますか？
・Blue-Greenでの更改が許されない場合、どうしてますか？
・更改や作業のツール化にあたって何かコツや工夫していることは？

■登壇者
小野 健一(株式会社NTTドコモ)
西川 哲平(株式会社NTTドコモ)
渋谷 彰寿(株式会社NTTドコモ)
"
バックボーンネットワークエンジニアがL3プロトコルを使ってL2リングを作り変えた話 ～ついでに400G-ZRでWDMレスで長距離飛ばしちゃったよ～,2024/07/03,14:45,2024/07/03,15:30,JPRSホール (コンベンションホールA),"https://www.janog.gr.jp/meeting/janog54/400g-zr/

■概要
ネットワークを更改する場合、どうしても過去のデザインをそのまま踏襲しがちです。
メーカ固有のプロトコルを使っている場合は特に同じメーカや構成で更改するパターンが多いと思います。
今回我々はバックボーンネットワークエンジニアが普段使っているBGPとEVPNを使い、L2リングネットワークを更改しました。
また、同時に400G-ZRを使いWDMレスでの長距離伝送にもチャレンジしました。
400G製品の最新情報共有およびL2リングプロトコルとの違いやトラフィックエンジニアリング、現在の運用状況について共有した上で、日本のネットワークオペレータにとって有益
となるような話し合いをしたいと考えています。
[主なトピックス]
１.既存の構成の詳細
→利用しているプロトコルや課題、要件等
２.新しい構成の詳細
→使ったプロトコル→BGP,VXLAN、BFD等
３.L2リングプロトコルとの違いやトラフィックエンジニアリングについて
→BGPをつかったAS prependの利用
４.ついでに400G-ZRを使って局間をWDMレスで伝送させたことのメリット
５.更改で良かった話、大変だった話の共有および議論

■登壇者
大日方 周太(株式会社コミュニティネットワークセンター)
神谷 健太(株式会社コミュニティネットワークセンター)
"
AIを支えるAll optical network,2024/07/04,13:30,2024/07/04,14:15,IIJホール (天平ホール),"https://www.janog.gr.jp/meeting/janog54/allopt/

■概要
AIが進化する速度が著しい速い中、国産最大規模のAIエンジンを構築予定のソフトバンクが、光ネットワークを進化させる意味と光ネットワークに対する今後の期待をお話します。
また、2023/10にコア領域に全国整備が完了したAll optical networkの中身の解説とルーターと光領域の棲み分けの最適解を導入時の苦労と共にお話します。

■登壇者
佐藤 智昭(ソフトバンク株式会社)
一木 大輔(ソフトバンク株式会社)
"
NWエンジニア的RPAの使い方 -作業・テストの自動化を考える-,2024/07/03,17:00,2024/07/03,18:00,IIJホール (天平ホール),"https://www.janog.gr.jp/meeting/janog54/rpa/

■概要
近年で、IT業界だけでなく様々な業界でDX化が叫ばれるようになってきた。
本学でもDX化が中期計画に盛り込まれ、DX化を進めるためにRPAツールを試験導入した。一方で、ネットワークやサーバの作業を行った時やサーバやネットワークを停止した後の動作確認のため、数十項目以上に及ぶ動作試験を数人で手分けし数時間かけて実施していた。試験の内容はメールの送受信・Web閲覧や認証に関する内容など多岐にわたっている。ネットワークやサーバを停止する作業は休日や深夜が多く試験にかけられる時間も人出も限られるため、負担が大きかった。
そこで、試験の（一部）自動化を目指すことにした。これまでのJANOGでもZTPや運用自動化について多くの議論がされてきた。しかし、RobotFrameworkを使ったり、管理用のアプリケーションを自作する必要があったり、必要な知識・スキルが多くハードルが高い。当初、RobotFrameworkを使って自動化することを検討したが、SSOを使ったWebアプリが多く、画面遷移に追従するのが難しかった。
そこで、今回は、事務作業を自動化するために試験導入されたRPAツールを活用することにした。本学が試験導入したRPAツールは、Windows上でマウスやキーボードの操作を記録・再生できる。この機能のおかげで、非常に簡単に試験を自動化することができた。
RPAツールは事務作業の自動化に大きく貢献するものであるが、ＮＷエンジニアも使い方次第で、普段の運用・試験の自動化ができることがわかった。

■登壇者
秋山 剛志(京都工芸繊維大学)
山岡 裕美(京都工芸繊維大学)
"
波長貸しサービスを利用したはじめてのDCI構築,2024/07/03,15:45,2024/07/03,16:30,JPRSホール (コンベンションホールA),"https://www.janog.gr.jp/meeting/janog54/dci/

■概要
データセンターを利用する企業が長距離のDCI（データセンターインターコネクト）を構築する際には、通信事業者の専用線やデータセンターが提供するDCIサービスを利用する方法に加え、自社でトランスポンダを調達し、波長貸しサービスを利用するという選択肢もあります。
弊社はこれまで、都内のデータセンターのみでオンプレミスやクラウド環境を運用してきましたが、2024年に東京都外への進出を決定しました。これまでは都内のみの拠点であったため、自社でトランスポンダを調達し、ダークファイバーのみでDCIを構築していました。しかし、今回の東京都外への進出に伴い、長距離伝送という新たな要件が加わり、初めて波長貸しサービスを利用したDCIを構築しました。
この波長貸しサービスの利用にあたり、事前の検証などを含め実際に得られたデータや学んだことを共有していきます。また、波長貸しサービスを利用した経験の有無や、利用していて気付いた点、長距離伝送を行う上でのPreFECやOSNRなど、各機器に定められている品質に関する規格値についても議論できればと考えています。

■登壇者
相原 一輝(株式会社MIXI)
"
マンガ海賊版サイト動向2024 -対策状況アップデート-,2024/07/03,15:45,2024/07/03,16:30,三菱重工業ルーム (会議室 203+204),"https://www.janog.gr.jp/meeting/janog54/piracy/

■概要
JANOG50, 52 Meetingと「マンガ海賊版サイト」の現状と技術検証チームによる技術的解析の状況を共有し、会場の皆様とインターネットコミュニティー、エンジニアとしてできる貢献方法を議論してきました。その後の対策により閉鎖（テイクダウン）できた大手サイトもありますが、日本向けのサイトだけでも毎月数億アクセスがある現状を打破するには至っていません。また、海賊版サイトの運営者側も巧妙になっており、ドメインホッピングを使ってサイトを乗り換えたり、大量のドメイン名を登録して量産型サイトを構築するなど、対策をかいくぐるような手口も発生しています。
今回のJANOG54では、IGF2023で行われた議論も踏まえて「マンガ海賊版サイト」の現状と2024年1月に発生した海賊版マンガサイトの大量閉鎖について、技術的知見から発生した事象の調査結果を報告します。閉鎖前後のCDNの動きや名前解決結果の変化を元に事業者の取った行動を解説していきたいと思います。
また「CDNなしにマンガ海賊版サイトは成立し得ない」というぐらいCDNは重要なファクターです。改めてマンガ海賊版サイトにおけるCDNの使われ方と問題点を解説します。
JANOG54のテーマは「話しあいで繋ぐInternet」です。本プログラムでは私たちがエンジニアとして提案できるブロッキングではない新たな対策方法の意見を交換し、繋ぐInternetをより強固なモノにしていきたいと思います。

■登壇者
高見澤 信弘(株式会社Ｊストリーム)
石田 慶樹(株式会社JPIX)
山下 健一(さくらインターネット株式会社)
宮内 秀輔(LINEヤフー株式会社)
"
データプロセッシングユニット(DPU)を使ってスライスの多様な要件へ対応するUPFを作りつつある話,2024/07/04,14:15,2024/07/04,15:00,三菱重工業ルーム (会議室 203+204),"https://www.janog.gr.jp/meeting/janog54/dpuupf/

■概要
前回のJANOG53ではKDDIさんがUPF内製について議論を行っていました。我々NTTグループもDPUを用いてUPFの内製化に取り組んでいます。
また、現在Linux Foundation Networking配下のOpen Programmable Infrastructure Project (OPI)でDPU/IPUのVendor-agnosticな標準API仕様が検討されています。我々はオペレータ観点でのAPI要件のインプットや、Telcoネットワークユースケース（UPF等）の提案、PoCを進めています。

本発表では以上のような背景から、下記の内容について発表して皆さんと議論したいと思っています。
・UPF内製化の動機・UPFの要件
・DPUで内製してみてどうだったか
・SMFと繋いでトラヒック乗せるうえでの課題
・Open Programmable Infrastructure準拠によるHWマルチベンダ化とその先の将来アーキテクチャについて
・Interop Tokyo 2024 ShowNetで実施した内製UPFを用いたデモンストレーションの紹介

■登壇者
國友 宏一郎(株式会社NTTドコモ)
宮﨑 祐哉(株式会社NTTドコモ)
平井 志久(日本電信電話株式会社)
"
生成AI向けパブリッククラウドサービスをつくってみた話,2024/07/04,10:15,2024/07/04,11:15,JPRSホール (コンベンションホールA),"https://www.janog.gr.jp/meeting/janog54/sakura/

■概要
ChatGPTの登場や普及によって生成AI向けのインフラ基盤構築が加速しており、さくらインターネットが取り組んでいるGPUクラウドサービスのネットワークを中心としたインフラ設計・開発・構築・運用に関する課題や苦労を共有するとともに、会場の皆さんと「話しあい」で今後のAIインフラのあり方につないでいきたい。

■登壇者
井上 喬視(さくらインターネット株式会社)
高峯 誠(さくらインターネット株式会社)
平田 大祐(さくらインターネット株式会社)
"
JANOG Update + オープンマイク,2024/07/05,16:45,2024/07/05,17:30,JPRSホール (コンベンションホールA),"https://www.janog.gr.jp/meeting/janog54/update/

■概要
本セッションではJANOGの運営について会場のみなさまとディスカッションする時間を設けます。
イメージとしてはIETFのIABオープンマイク、IAOCオープンマイクのような形態を想定しています。
はじめに通常のJANOG updateのご報告をして、その後運営委員が全員登壇し、会場のみなさんからご質問やご意見・ご提案をいただきます。
ミーティング運営の在り方、他コミュニティとの連携、JANOGが価値ある団体でいるためにどういう活動をすべきか、JANOGとして必要な機能、などざっくばらんに話し合う時間にしたいと考えています。

■登壇者
JANOG運営委員"
IPアドレスの管理・分配の世界を覗いてみよう !! ～ インターネットを維持するために、とっても大切なこと ～,2024/07/03,17:00,2024/07/03,18:00,三菱重工業ルーム (会議室 203+204),"https://www.janog.gr.jp/meeting/janog54/jpopf/

■概要
様々な立場の JANOGer のみなさまに IPアドレスの管理、分配の重要性をご理解いただいた上でご興味を持っていただくことを目的とし、チュートリアル寄りの発表を行なった後に、ご質問やご意見等をいただく場にしたいと思います。
インターネットの３大資源である
・番号資源 (IPアドレス・AS番号)
・ドメイン名
・プロトコルパラメーター
は、いずれもインターネット上で「厳格に」管理・分配されなければなりません。仮にこれらが機能しなくなると、それはインターネットの終焉を意味します。
本セッションにおいては、これら重要な資源の内、番号資源を掘り下げて、IPアドレスの管理 (システム、管理項目、運用等)や分配 (ルールやルールの改定等)について具体的にご紹介したいと思います。
本セッションの前半ではアドレス管理の必要性・仕組み等をご紹介し、後半ではポリシー(分配ルール)の最新動向をご紹介します。
現代の社会を支えている「インターネットの維持」に少しでも貢献できれば、という思いを持ち応募いたしました。
それでは、奈良でお会いしましょう !!
※参考URL
IPアドレスの管理・分配の世界 https://www.janog.gr.jp/meeting/janog54/wp-content/uploads/2024/05/janog54-jpopf-参考資料.pdf
Japan Open Policy Forum (JPOPF) https://www.jpopf.net/

■登壇者
中川 あきら(JPOPF運営チーム/株式会社JPIX)
谷崎 文義( JPOPF運営チーム/西日本電信電話株式会社/NTTスマートコネクト株式会社)
"
FTTH光ファイバー網におけるC-band帯の有効活用,2024/07/05,14:15,2024/07/05,15:00,IIJホール (天平ホール),"https://www.janog.gr.jp/meeting/janog54/c-band/

■概要
10G-EPONを使用してFTTHをサービス提供しているなか、同ファイバー上ではC-Band帯が空き波長となっている。
Super C-Band帯を使用するXR Opticsを波長多重し相互の通信影響がでないか実機検証してみた。

■登壇者
深谷 武史(APRESIA Systems株式会社)
竹辻 伸浩(近鉄ケーブルネットワーク株式会社)
"
ネットワークオペレーションにおける生成AI技術の活用検討について,2024/07/04,15:30,2024/07/04,17:00,JPRSホール (コンベンションホールA),"https://www.janog.gr.jp/meeting/janog54/genai/

■概要
我々通信事業者は、24時間365日大規模なNW設備の運用保守を続けております。
全国で提供する固定・モバイル回線は、設計構築に協力会社も含めて数万人レベルにも及ぶメンバーにより日々構築されており、 数十～百万台の装置により構成されています。
大規模かつ成長し続けるNWを限りある人的リソースで保守するため、自動化を含めた業務の生産性向上に継続して取り組んでいる中で、 急速に普及している生成AI技術のNWオペレーションへの活用に大きな期待をしており現場で試行錯誤を重ねています。
実運用向けた検討の中でいくつかの課題が抽出されており、それらに対するアプローチは以下のようなものになります。

まず生成AIの核となる大規模言語モデル（LLM）の環境構築に際し、クラウド上のLLMサービスの利用や、 オンプレミスでLLM環境を構築するにはセキュリティポリシーに抵触したり、コストが膨大になるリスクがあります。フィージビリティ（実現性）から模索中の段階で、このような問題を解決できる大きなプロジェクトとし推進が可能な組織は多くないと思います。
そこで、データサイズが小さく一般的なPCでも動作するモデル（Local LLM）を組み合わせて、セキュアなオンプレミス環境に比較的安価で用意できるマシンリソースの中で動作するアーキテクチャの構成を試み、 精度・応答速度などを評価してみました。

次に、NWオペレーションにおける判断には、過去のトラブルチケットの内容、NW装置のアラーム情報やコマンド応答内容など専門的な情報がほとんどの場合で必要になりますが、頻繁に更新されるこれらの情報をLocal LLMに直接学習させ続けることは難しいです。
このため、外部の情報をベクトルデータベースとすることでLocal LLMが検索・参照できるようにする検索拡張生成（RAG）という手法を用いてNWオペレーション特有の専門的情報をLocal LLMが取り扱えるようにしました。

また、LLMのテキスト形式のアウトプットを実際のオペレーションにつなげるためには、テキストから必要なオペレーションツールを判断しそれに合わせたインプットデータを作成するなど、LLMと既存のツールを連携させるモジュールの作りこみが必要となります。
Langchain Agentというフレームワークを利用し、LLMから実際のNW装置へのコマンド投入・応答解釈を行えるモジュールを作成しました。また、私たちが蓄積していたNW可視化のノウハウを組み合わせ、 テキストでの応答にNW構成図を組み合わせよりオペレータにとって有益な情報を提供することを試みました。

さらに、NWオペレーションは、「トラブルチケット管理」「機器インベントリ管理」「顧客管理」といった様々な要素で構成されています。すべての要素を把握する１つのLLMエージェントを作るのではなく、それぞれの要素に特化させたLLMエージェントを複数組み合わせるマルチエージェント構成を適用することで、出力結果の精度向上を目指しております。

このような取り組みの経過を、実際のアーキテクチャ・評価データなどを用いて紹介させていただき、生成AI技術を活用したNWオペレーションの実運用に向けて活発な議論をさせていただければと思います

備考
このセッションでは、株式会社NTTフィールドテクノ 佐藤さんから申し込みがあった「ネットワークオペレーションにおける生成AI技術の活用検討について」と、株式会社KDDI総合研究所 宮坂さんから申し込みがあった「LLMと生成AIを活用したネットワーク運用」を統合し、生成AIのネットワークオペレーションへの活用をパネル形式で議論します。

■登壇者
佐藤 亮介(株式会社NTTフィールドテクノ)
白井 嵩士(株式会社NTTフィールドテクノ)
田口 順史(株式会社NTTフィールドテクノ)
近藤 優吉(株式会社NTTフィールドテクノ)
宮坂 拓也(株式会社KDDI総合研究所)
 仲松 匠(KDDI株式会社)
"
技術的負債と向き合い、ネットワークアーキテクチャの改善とモノの管理、コスト構造の見直しに取り組んだ話,2024/07/05,15:15,2024/07/05,16:00,三菱重工業ルーム (会議室 203+204),"https://www.janog.gr.jp/meeting/janog54/nwarc/

■概要
IDCフロンティアは1986年の創業以来、会社の合併や分割、グループの変更など、会社視点で見ても様々なイベントを経験してきました。
その中で、事業内容の変化や技術トレンドの変化に対応すべく様々な取り組みを行ってきましたが、どうしても最適化しきれず、あちらこちらに安易な前例踏襲から生じる技術的負債が蓄積していました。
ここ数年はその貯まった技術的負債の返済を行うべく、ネットワークのアーキテクチャや様々なモノの管理、コスト構造の見直しなどに取り組んできました。
本発表では我々が行ってきた取り組みについて紹介するとともに、同じような悩みを抱える皆さんと議論したいと思います。

■登壇者
見﨑 徳仁(株式会社IDCフロンティア)
佐藤 慶一(株式会社IDCフロンティア)
"
